{
    "default": {
        "hidet_resnet50_64": {
            "hidet_resnet50_64_0": {
                "iters": 56,
                "time_elapsed": 10.029736995697021
            }
        },
        "hidet_resnet50_64_amp": {
            "hidet_resnet50_64_amp_0": {
                "iters": 377,
                "time_elapsed": 10.003542423248291
            }
        },
        "pytorch_LSTM_64": {
            "pytorch_LSTM_64_0": {
                "iters": 552,
                "time_elapsed": 10.008655548095703
            }
        },
        "pytorch_LSTM_64_amp": {
            "pytorch_LSTM_64_amp_0": {
                "iters": 513,
                "time_elapsed": 10.003198385238647
            }
        },
        "pytorch_NeuMF-pre_64": {
            "pytorch_NeuMF-pre_64_0": {
                "iters": 6482,
                "time_elapsed": 10.045101165771484
            }
        },
        "pytorch_NeuMF-pre_64_amp": {
            "pytorch_NeuMF-pre_64_amp_0": {
                "iters": 5346,
                "time_elapsed": 10.056294202804565
            }
        },
        "pytorch_VGG_64": {
            "pytorch_VGG_64_0": {
                "iters": 425,
                "time_elapsed": 10.020661115646362
            }
        },
        "pytorch_VGG_64_amp": {
            "pytorch_VGG_64_amp_0": {
                "iters": 527,
                "time_elapsed": 10.034287691116333
            }
        },
        "pytorch_bert_16": {
            "pytorch_bert_16_0": {
                "iters": 37,
                "time_elapsed": 10.084511280059814
            }
        },
        "pytorch_bert_16_amp": {
            "pytorch_bert_16_amp_0": {
                "iters": 108,
                "time_elapsed": 10.08014178276062
            }
        },
        "pytorch_dcgan_64": {
            "pytorch_dcgan_64_0": {
                "iters": 159,
                "time_elapsed": 10.074697017669678
            }
        },
        "pytorch_dcgan_64_amp": {
            "pytorch_dcgan_64_amp_0": {
                "iters": 183,
                "time_elapsed": 10.05096173286438
            }
        },
        "pytorch_pointnet_64": {
            "pytorch_pointnet_64_0": {
                "iters": 122,
                "time_elapsed": 10.081281185150146
            }
        },
        "pytorch_pointnet_64_amp": {
            "pytorch_pointnet_64_amp_0": {
                "iters": 194,
                "time_elapsed": 10.031787157058716
            }
        },
        "pytorch_resnet50_64": {
            "pytorch_resnet50_64_0": {
                "iters": 30,
                "time_elapsed": 10.040385484695435
            }
        },
        "pytorch_resnet50_64_amp": {
            "pytorch_resnet50_64_amp_0": {
                "iters": 47,
                "time_elapsed": 10.204025030136108
            }
        }
    },
    "mps": {
        "hidet_resnet50_64_amp_hidet_resnet50_64": {
            "hidet_resnet50_64_1": {
                "iters": 44,
                "time_elapsed": 10.190434694290161
            },
            "hidet_resnet50_64_amp_0": {
                "iters": 71,
                "time_elapsed": 10.071522235870361
            }
        },
        "hidet_resnet50_64_amp_hidet_resnet50_64_amp": {
            "hidet_resnet50_64_amp_0": {
                "iters": 202,
                "time_elapsed": 10.030703783035278
            },
            "hidet_resnet50_64_amp_1": {
                "iters": 202,
                "time_elapsed": 10.029579877853394
            }
        },
        "hidet_resnet50_64_amp_pytorch_LSTM_64": {
            "hidet_resnet50_64_amp_0": {
                "iters": 308,
                "time_elapsed": 10.015637159347534
            },
            "pytorch_LSTM_64_1": {
                "iters": 154,
                "time_elapsed": 10.00187349319458
            }
        },
        "hidet_resnet50_64_amp_pytorch_LSTM_64_amp": {
            "hidet_resnet50_64_amp_0": {
                "iters": 324,
                "time_elapsed": 10.014967918395996
            },
            "pytorch_LSTM_64_amp_1": {
                "iters": 174,
                "time_elapsed": 10.010829448699951
            }
        },
        "hidet_resnet50_64_amp_pytorch_NeuMF-pre_64": {
            "hidet_resnet50_64_amp_0": {
                "iters": 367,
                "time_elapsed": 10.013229846954346
            },
            "pytorch_NeuMF-pre_64_1": {
                "iters": 3860,
                "time_elapsed": 10.052411079406738
            }
        },
        "hidet_resnet50_64_amp_pytorch_NeuMF-pre_64_amp": {
            "hidet_resnet50_64_amp_0": {
                "iters": 367,
                "time_elapsed": 10.00789475440979
            },
            "pytorch_NeuMF-pre_64_amp_1": {
                "iters": 3031,
                "time_elapsed": 10.04933762550354
            }
        },
        "hidet_resnet50_64_amp_pytorch_VGG_64": {
            "hidet_resnet50_64_amp_0": {
                "iters": 356,
                "time_elapsed": 10.027877807617188
            },
            "pytorch_VGG_64_1": {
                "iters": 57,
                "time_elapsed": 10.046917200088501
            }
        },
        "hidet_resnet50_64_amp_pytorch_VGG_64_amp": {
            "hidet_resnet50_64_amp_0": {
                "iters": 362,
                "time_elapsed": 10.0063316822052
            },
            "pytorch_VGG_64_amp_1": {
                "iters": 64,
                "time_elapsed": 10.03542423248291
            }
        },
        "hidet_resnet50_64_amp_pytorch_bert_16": {
            "hidet_resnet50_64_amp_0": {
                "iters": 156,
                "time_elapsed": 10.053084373474121
            },
            "pytorch_bert_16_1": {
                "iters": 25,
                "time_elapsed": 10.14895486831665
            }
        },
        "hidet_resnet50_64_amp_pytorch_bert_16_amp": {
            "hidet_resnet50_64_amp_0": {
                "iters": 258,
                "time_elapsed": 10.02855372428894
            },
            "pytorch_bert_16_amp_1": {
                "iters": 43,
                "time_elapsed": 10.036537170410156
            }
        },
        "hidet_resnet50_64_amp_pytorch_dcgan_64": {
            "hidet_resnet50_64_amp_0": {
                "iters": 362,
                "time_elapsed": 10.011351585388184
            },
            "pytorch_dcgan_64_1": {
                "iters": 18,
                "time_elapsed": 10.081592559814453
            }
        },
        "hidet_resnet50_64_amp_pytorch_dcgan_64_amp": {
            "hidet_resnet50_64_amp_0": {
                "iters": 368,
                "time_elapsed": 10.023670673370361
            },
            "pytorch_dcgan_64_amp_1": {
                "iters": 23,
                "time_elapsed": 10.071317434310913
            }
        },
        "hidet_resnet50_64_amp_pytorch_pointnet_64": {
            "hidet_resnet50_64_amp_0": {
                "iters": 313,
                "time_elapsed": 10.008121967315674
            },
            "pytorch_pointnet_64_1": {
                "iters": 28,
                "time_elapsed": 10.026371479034424
            }
        },
        "hidet_resnet50_64_amp_pytorch_pointnet_64_amp": {
            "hidet_resnet50_64_amp_0": {
                "iters": 337,
                "time_elapsed": 10.007426261901855
            },
            "pytorch_pointnet_64_amp_1": {
                "iters": 33,
                "time_elapsed": 10.026933908462524
            }
        },
        "hidet_resnet50_64_amp_pytorch_resnet50_64": {
            "hidet_resnet50_64_amp_0": {
                "iters": 327,
                "time_elapsed": 10.027514696121216
            },
            "pytorch_resnet50_64_1": {
                "iters": 6,
                "time_elapsed": 10.15444540977478
            }
        },